month,kpi
2006-10,85.16
2006-11,85.27
2006-12,85.27
2007-01,84.84
2007-02,85.27
2007-03,85.83
2007-04,86.27
2007-05,86.17
2007-06,86.31
2007-07,86.18
2007-08,86.15
2007-09,87.01
2007-10,87.48
2007-11,88.04
2007-12,88.21
2008-01,87.56
2008-02,87.92
2008-03,88.76
2008-04,89.15
2008-05,89.50
2008-06,89.93
2008-07,89.74
2008-08,89.89
2008-09,90.82
2008-10,90.96
2008-11,90.22
2008-12,89.00
2009-01,88.67
2009-02,88.69
2009-03,88.95
2009-04,89.09
2009-05,88.86
2009-06,89.07
2009-07,88.66
2009-08,88.84
2009-09,89.12
2009-10,89.34
2009-11,89.32
2009-12,89.52
2010-01,88.95
2010-02,89.49
2010-03,89.70
2010-04,89.72
2010-05,89.88
2010-06,89.90
2010-07,89.62
2010-08,89.63
2010-09,90.38
2010-10,90.67
2010-11,90.97
2010-12,91.61
2011-01,91.14
2011-02,91.69
2011-03,92.32
2011-04,92.71
2011-05,92.88
2011-06,92.67
2011-07,92.62
2011-08,92.65
2011-09,93.30
2011-10,93.30
2011-11,93.52
2011-12,93.70
2012-01,92.83
2012-02,93.45
2012-03,93.71
2012-04,93.92
2012-05,93.84
2012-06,93.61
2012-07,93.24
2012-08,93.34
2012-09,93.72
2012-10,93.65
2012-11,93.42
2012-12,93.66
2013-01,92.88
2013-02,93.29
2013-03,93.67
2013-04,93.48
2013-05,93.63
2013-06,93.47
2013-07,93.34
2013-08,93.42
2013-09,93.79
2013-10,93.59
2013-11,93.53
2013-12,93.78
2014-01,92.70
2014-02,93.09
2014-03,93.08
2014-04,93.44
2014-05,93.49
2014-06,93.68
2014-07,93.37
2014-08,93.28
2014-09,93.43
2014-10,93.48
2014-11,93.34
2014-12,93.49
2015-01,92.51
2015-02,93.16
2015-03,93.23
2015-04,93.22
2015-05,93.55
2015-06,93.27
2015-07,93.30
2015-08,93.12
2015-09,93.49
2015-10,93.56
2015-11,93.40
2015-12,93.54
2016-01,93.21
2016-02,93.51
2016-03,93.98
2016-04,93.96
2016-05,94.13
2016-06,94.23
2016-07,94.29
2016-08,94.18
2016-09,94.34
2016-10,94.66
2016-11,94.69
2016-12,95.16
2017-01,94.52
2017-02,95.18
2017-03,95.17
2017-04,95.72
2017-05,95.78
2017-06,95.85
2017-07,96.36
2017-08,96.21
2017-09,96.34
2017-10,96.27
2017-11,96.46
2017-12,96.82
2018-01,96.01
2018-02,96.71
2018-03,96.97
2018-04,97.37
2018-05,97.60
2018-06,97.82
2018-07,98.33
2018-08,98.13
2018-09,98.58
2018-10,98.45
2018-11,98.36
2018-12,98.79
2019-01,97.81
2019-02,98.54
2019-03,98.77
2019-04,99.46
2019-05,99.71
2019-06,99.57
2019-07,99.96
2019-08,99.54
2019-09,100.01
2019-10,100.03
2019-11,100.13
2019-12,100.52
2020-01,99.08
2020-02,99.57
2020-03,99.40
2020-04,99.10
2020-05,99.70
2020-06,100.27
2020-07,100.49
2020-08,100.34
2020-09,100.40
2020-10,100.31
2020-11,100.32
2020-12,101.02
2021-01,100.65
2021-02,100.92
2021-03,101.08
2021-04,101.32
2021-05,101.52
2021-06,101.61
2021-07,101.88
2021-08,102.40
2021-09,102.92
2021-10,103.13
2021-11,103.61
2021-12,104.93
2022-01,104.36
2022-02,105.25
2022-03,107.11
2022-04,107.77
2022-05,108.90
2022-06,110.43
2022-07,110.53
2022-08,112.47
2022-09,114.08
2022-10,114.32
2022-11,115.48
2022-12,117.87
2023-01,116.54
2023-02,117.83
2023-03,118.50
2023-04,119.05
2023-05,119.43
2023-06,120.71
2023-07,120.76
2023-08,120.85
2023-09,121.47
2023-10,121.77
2023-11,122.16
2023-12,123.05
2024-01,122.87
2024-02,123.17
2024-03,123.32
2024-04,123.69
2024-05,123.89
2024-06,123.80
2024-07,123.90
2024-08,123.18
2024-09,123.41
2024-10,123.69
2024-11,124.06
2024-12,124.05
2025-01,124.01
2025-02,124.76
2025-03,123.90
2025-04,124.04
2025-05,124.12
2025-06,124.71
2025-07,124.95
2025-08,124.47
2025-09,124.51
2025-10,124.83
2025-11,124.38
2025-12,124.42
2026-01,124.58
2026-02,125.37
2026-03,124.58
2026-04,123.86
2026-05,125.09
2026-06,125.56
2026-07,125.17
2026-08,124.85
