month,return_pct
2006-10,4.52
2006-11,-0.91
2006-12,8.34
2007-01,3.28
2007-02,-2.19
2007-03,5.57
2007-04,6.75
2007-05,1.95
2007-06,-2.23
2007-07,-1.5
2007-08,-2.64
2007-09,-0.4
2007-10,-1.92
2007-11,-6.49
2007-12,-2.0
2008-01,-12.27
2008-02,3.43
2008-03,-1.65
2008-04,4.91
2008-05,2.86
2008-06,-13.98
2008-07,-0.69
2008-08,1.25
2008-09,-12.33
2008-10,-17.77
2008-11,-2.23
2008-12,3.72
2009-01,-5.97
2009-02,2.63
2009-03,2.15
2009-04,21.95
2009-05,2.86
2009-06,0.8
2009-07,10.34
2009-08,3.69
2009-09,0.65
2009-10,4.76
2009-11,-0.02
2009-12,1.97
2010-01,0.77
2010-02,-0.52
2010-03,8.78
2010-04,4.25
2010-05,-6.92
2010-06,1.51
2010-07,4.6
2010-08,-3.24
2010-09,8.48
2010-10,0.09
2010-11,1.44
2010-12,5.99
2011-01,-1.14
2011-02,-1.62
2011-03,2.26
2011-04,4.0
2011-05,-0.52
2011-06,-3.52
2011-07,-4.72
2011-08,-10.49
2011-09,-5.95
2011-10,8.9
2011-11,-1.42
2011-12,1.08
2012-01,5.89
2012-02,6.29
2012-03,-1.05
2012-04,-0.13
2012-05,-6.63
2012-06,2.92
2012-07,4.24
2012-08,-2.16
2012-09,3.2
2012-10,-1.44
2012-11,3.14
2012-12,2.03
2013-01,5.5
2013-02,3.58
2013-03,0.91
2013-04,2.06
2013-05,2.14
2013-06,-5.04
2013-07,7.17
2013-08,-1.04
2013-09,4.07
2013-10,1.74
2013-11,2.3
2013-12,2.05
2014-01,-1.64
2014-02,6.1
2014-03,0.69
2014-04,1.9
2014-05,3.75
2014-06,-1.35
2014-07,-0.73
2014-08,0.62
2014-09,-0.17
2014-10,1.58
2014-11,3.32
2014-12,1.05
2015-01,7.12
2015-02,8.08
2015-03,0.06
2015-04,0.24
2015-05,1.22
2015-06,-6.38
2015-07,5.0
2015-08,-5.93
2015-09,-4.43
2015-10,6.92
2015-11,3.64
2015-12,-4.03
2016-01,-7.14
2016-02,2.03
2016-03,1.93
2016-04,0.91
2016-05,2.49
2016-06,-3.57
2016-07,5.53
2016-08,2.47
2016-09,1.78
2016-10,-0.95
2016-11,1.44
2016-12,2.92
2017-01,1.25
2017-02,2.95
2017-03,2.14
2017-04,4.36
2017-05,1.72
2017-06,-1.96
2017-07,-3.02
2017-08,-0.86
2017-09,5.6
2017-10,2.12
2017-11,-3.49
2017-12,-1.26
2018-01,1.57
2018-02,-0.73
2018-03,-1.29
2018-04,4.39
2018-05,-0.11
2018-06,0.3
2018-07,4.12
2018-08,2.58
2018-09,0.09
2018-10,-7.15
2018-11,-1.56
2018-12,-6.03
2019-01,7.68
2019-02,3.98
2019-03,1.08
2019-04,7.2
2019-05,-6.86
2019-06,6.79
2019-07,0.24
2019-08,-1.17
2019-09,2.92
2019-10,3.98
2019-11,1.97
2019-12,3.47
2020-01,1.02
2020-02,-6.59
2020-03,-13.29
2020-04,8.51
2020-05,5.5
2020-06,2.35
2020-07,4.1
2020-08,3.73
2020-09,4.51
2020-10,-5.94
2020-11,11.36
2020-12,1.32
2021-01,2.5
2021-02,3.03
2021-03,8.21
2021-04,3.72
2021-05,2.52
2021-06,0.7
2021-07,7.52
2021-08,0.49
2021-09,-6.21
2021-10,5.03
2021-11,1.67
2021-12,5.23
2022-01,-9.93
2022-02,-6.88
2022-03,2.54
2022-04,-3.93
2022-05,-1.06
2022-06,-11.85
2022-07,12.16
2022-08,-7.24
2022-09,-7.31
2022-10,6.42
2022-11,7.28
2022-12,-2.66
2023-01,7.91
2023-02,1.18
2023-03,-0.44
2023-04,3.03
2023-05,-2.71
2023-06,2.15
2023-07,-0.33
2023-08,-3.74
2023-09,-2.01
2023-10,-3.52
2023-11,9.15
2023-12,8.18
2024-01,-1.68
2024-02,3.84
2024-03,5.65
2024-04,0.26
2024-05,3.83
2024-06,-1.53
2024-07,2.83
2024-08,-0.03
2024-09,1.34
2024-10,-4.04
2024-11,-0.65
2024-12,-1.15
2025-01,7.49
2025-02,0.74
2025-03,-7.86
2025-04,-0.41
2025-05,2.46
2025-06,0.49
2025-07,1.91
2025-08,1.01
2025-09,0.49
2025-10,4.08
2025-11,0.02
2025-12,2.28
2026-01,2.26
2026-02,4.52
2026-03,-7.56
2026-04,5.18
2026-05,3.41
2026-06,0.63
2026-07,2.19
2026-08,1.87
2026-09,-1.59
